id,firstName,lastName,birthdate
1,Stone,Barrett1,1964-10-19 14:11:03
2,Stone,Barrett2,1964-10-19 14:11:03
3,Stone,Barrett3,1964-10-19 14:11:03
4,Stone,Barrett4,1964-10-19 14:11:03
5,Stone,Barrett5,1964-10-19 14:11:03
6,Stone,Barrett6,1964-10-19 14:11:03
7,Stone,Barrett7,1964-10-19 14:11:03
8,Stone,Barrett8,1964-10-19 14:11:03
9,Stone,Barrett9,1964-10-19 14:11:03
10,Stone,Barrett10,1964-10-19 14:11:03
11,Stone,Barrett11,1964-10-19 14:11:03
12,Stone,Barrett12,1964-10-19 14:11:03
13,Stone,Barrett13,1964-10-19 14:11:03
14,Stone,Barrett14,1964-10-19 14:11:03
15,Stone,Barrett15,1964-10-19 14:11:03
16,Stone,Barrett16,1964-10-19 14:11:03
17,Stone,Barrett17,1964-10-19 14:11:03
18,Stone,Barrett18,1964-10-19 14:11:03
19,Stone,Barrett19,1964-10-19 14:11:03
20,Stone,Barrett20,1964-10-19 14:11:03
21,Stone,Barrett21,1964-10-19 14:11:03
22,Stone,Barrett22,1964-10-19 14:11:03
23,Stone,Barrett23,1964-10-19 14:11:03
24,Stone,Barrett24,1964-10-19 14:11:03
25,Stone,Barrett25,1964-10-19 14:11:03
26,Stone,Barrett26,1964-10-19 14:11:03
27,Stone,Barrett27,1964-10-19 14:11:03
28,Stone,Barrett28,1964-10-19 14:11:03
29,Stone,Barrett29,1964-10-19 14:11:03
30,Stone,Barrett30,1964-10-19 14:11:03
31,Stone,Barrett31,1964-10-19 14:11:03
32,Stone,Barrett32,1964-10-19 14:11:03
33,Stone,Barrett33,1964-10-19 14:11:03
34,Stone,Barrett34,1964-10-19 14:11:03
35,Stone,Barrett35,1964-10-19 14:11:03
36,Stone,Barrett36,1964-10-19 14:11:03
37,Stone,Barrett37,1964-10-19 14:11:03
38,Stone,Barrett38,1964-10-19 14:11:03
39,Stone,Barrett39,1964-10-19 14:11:03
40,Stone,Barrett40,1964-10-19 14:11:03
41,Stone,Barrett41,1964-10-19 14:11:03
42,Stone,Barrett42,1964-10-19 14:11:03
43,Stone,Barrett43,1964-10-19 14:11:03
44,Stone,Barrett44,1964-10-19 14:11:03
45,Stone,Barrett45,1964-10-19 14:11:03
46,Stone,Barrett46,1964-10-19 14:11:03
47,Stone,Barrett47,1964-10-19 14:11:03
48,Stone,Barrett48,1964-10-19 14:11:03
49,Stone,Barrett49,1964-10-19 14:11:03
50,Stone,Barrett50,1964-10-19 14:11:03
51,Stone,Barrett51,1964-10-19 14:11:03
52,Stone,Barrett52,1964-10-19 14:11:03
53,Stone,Barrett53,1964-10-19 14:11:03
54,Stone,Barrett54,1964-10-19 14:11:03
55,Stone,Barrett55,1964-10-19 14:11:03
56,Stone,Barrett56,1964-10-19 14:11:03
57,Stone,Barrett57,1964-10-19 14:11:03
58,Stone,Barrett58,1964-10-19 14:11:03
59,Stone,Barrett59,1964-10-19 14:11:03
60,Stone,Barrett60,1964-10-19 14:11:03
61,Stone,Barrett61,1964-10-19 14:11:03
62,Stone,Barrett62,1964-10-19 14:11:03
63,Stone,Barrett63,1964-10-19 14:11:03
64,Stone,Barrett64,1964-10-19 14:11:03
65,Stone,Barrett65,1964-10-19 14:11:03
66,Stone,Barrett66,1964-10-19 14:11:03
67,Stone,Barrett67,1964-10-19 14:11:03
68,Stone,Barrett68,1964-10-19 14:11:03
69,Stone,Barrett69,1964-10-19 14:11:03
70,Stone,Barrett70,1964-10-19 14:11:03
71,Stone,Barrett71,1964-10-19 14:11:03
72,Stone,Barrett72,1964-10-19 14:11:03
73,Stone,Barrett73,1964-10-19 14:11:03
74,Stone,Barrett74,1964-10-19 14:11:03
75,Stone,Barrett75,1964-10-19 14:11:03
76,Stone,Barrett76,1964-10-19 14:11:03
77,Stone,Barrett77,1964-10-19 14:11:03
78,Stone,Barrett78,1964-10-19 14:11:03
79,Stone,Barrett79,1964-10-19 14:11:03
80,Stone,Barrett80,1964-10-19 14:11:03
81,Stone,Barrett81,1964-10-19 14:11:03
82,Stone,Barrett82,1964-10-19 14:11:03
83,Stone,Barrett83,1964-10-19 14:11:03
84,Stone,Barrett84,1964-10-19 14:11:03
85,Stone,Barrett85,1964-10-19 14:11:03
86,Stone,Barrett86,1964-10-19 14:11:03
87,Stone,Barrett87,1964-10-19 14:11:03
88,Stone,Barrett88,1964-10-19 14:11:03
89,Stone,Barrett89,1964-10-19 14:11:03
90,Stone,Barrett90,1964-10-19 14:11:03
91,Stone,Barrett91,1964-10-19 14:11:03
92,Stone,Barrett92,1964-10-19 14:11:03
93,Stone,Barrett93,1964-10-19 14:11:03
94,Stone,Barrett94,1964-10-19 14:11:03
95,Stone,Barrett95,1964-10-19 14:11:03
96,Stone,Barrett96,1964-10-19 14:11:03
97,Stone,Barrett97,1964-10-19 14:11:03
98,Stone,Barrett98,1964-10-19 14:11:03
99,Stone,Barrett99,1964-10-19 14:11:03
100,Stone,Barrett100,1964-10-19 14:11:03